,Metric,Values
0,BE,0.08788194794377585
1,BM,0.10520311325546546
2,BN,0.10202874347569314
3,PE,29.61582095630684
4,PM,29.311528030389752
5,PN,29.242784888237427
6,SE,0.8839899907808316
7,SM,0.8813911041646367
8,SN,0.8869274142775916
